filePath|title|words|est_duration
suttas/AN/AN1_21.txt|A Single Thing Ekadhamma Suttas|345|2
suttas/AN/AN1_45.txt|A Pool Of Water Udakarahada Suttas|217|1
suttas/AN/AN1_48.txt|Soft Mudu Sutta|54|1
suttas/AN/AN1_49.txt|Quick To Reverse Itself Lahu-Parivaṭṭa Sutta|41|1
suttas/AN/AN1_50.txt|Luminous Pabhassara Suttas|120|1
suttas/AN/AN1_77.txt|Increase In Discernment Paññāvuḍḍhi Sutta|172|1
suttas/AN/AN1_140.txt|For The Benefit Of Many People Bahujanahitāya Sutta|111|1
suttas/AN/AN1_329.txt|Foul-Smelling Duggandha Sutta|35|1
suttas/AN/AN1_347.txt|The Taste Of The Goal Attharasa Sutta|123|1
suttas/AN/AN2_1.txt|Penalties Vajja Sutta|517|3
suttas/AN/AN2_2.txt|Exertions Padhāna Sutta|118|1
suttas/AN/AN2_5.txt|Relentlessly Appaṭivāṇa Sutta|245|2
suttas/AN/AN2_9.txt|Guardians Of The World Lokapāla Sutta|101|1
suttas/AN/AN2_18.txt|Categorically Ekaṁsena Sutta|343|2
suttas/AN/AN2_19.txt|Skillful & Unskillful Kusal'Akusala Sutta|200|1
suttas/AN/AN2_21.txt|Fools & Wise People Bāla-Paṇḍita Sutta|76|1
suttas/AN/AN2_23.txt|What Was Not Said Abhāsita Sutta|64|1
suttas/AN/AN2_24.txt|A Meaning To Be Inferred Neyyattha Sutta|69|1
suttas/AN/AN2_29.txt|A Share In Clear Knowing Vijjā-Bhāgiya Sutta|78|1
suttas/AN/AN2_30.txt|Release Vimutti Sutta|38|1
suttas/AN/AN2_31.txt|Gratitude Kataññu Suttas|315|2
suttas/AN/AN2_35.txt|Like-Minded Samacitta Sutta|869|6
suttas/AN/AN2_36.txt|To Ārāmadaṇḍa Ārāmadaṇḍa Sutta|480|3
suttas/AN/AN2_37.txt|To Kaṇḍarāyana Kaṇḍarāyana Sutta|447|3
suttas/AN/AN2_46.txt|Bombast Ukkācita Sutta|347|2
suttas/AN/AN2_61.txt|Communal Living Sannivāsa Sutta|744|5
suttas/AN/AN2_74.txt|Pleasures Sukha Sutta|46|1
suttas/AN/AN2_99.txt|Fools Bāla Sutta|40|1
suttas/AN/AN2_118.txt|Hard To Find Dullabhā Sutta|56|1
suttas/AN/AN2_120.txt|Rarely Having Enough Duttappaya Sutta|38|1
suttas/AN/AN2_123.txt|Voice Ghosa Suttas|72|1
suttas/AN/AN2_134.txt|Without Investigating Ananuvicca Sutta|183|1
suttas/AN/AN3_1.txt|Danger Bhaya Sutta|271|2
suttas/AN/AN3_2.txt|Characterized (By Action) Lakkhaṇa Sutta|166|1
suttas/AN/AN3_5.txt|Inappropriately Ayoniso Sutta|119|1
suttas/AN/AN3_10.txt|Impurities Mala Sutta|184|1
suttas/AN/AN3_12.txt|To Be Remembered Saraṇīya Sutta|306|2
suttas/AN/AN3_15.txt|The Chariot Maker Pacetana Sutta|812|5
suttas/AN/AN3_20.txt|The Shopkeeper Pāpaṇika Sutta|492|3
suttas/AN/AN3_22.txt|Sick People Gilāna Sutta|519|3
suttas/AN/AN3_24.txt|Great Benefactors Bahukāra Sutta|209|1
suttas/AN/AN3_30.txt|Upside Down Avakujja Sutta|956|6
suttas/AN/AN3_32.txt|To Venerable Ānanda Ānanda Sutta|306|2
suttas/AN/AN3_33.txt|To Venerable Sāriputta Sāriputta Sutta|327|2
suttas/AN/AN3_34.txt|Causes Nidāna Sutta|658|4
suttas/AN/AN3_35.txt|To Hatthaka Hatthaka Sutta|614|4
suttas/AN/AN3_39.txt|Refinement Sukhamāla Sutta|781|5
suttas/AN/AN3_40.txt|Governing Principles Ādhipateyya Sutta|1031|7
suttas/AN/AN3_42.txt|Instances Ṭhāna Sutta|106|1
suttas/AN/AN3_47.txt|Fabricated Saṅkhata Sutta|154|1
suttas/AN/AN3_49.txt|A Mountain Pabbata Sutta|238|2
suttas/AN/AN3_50.txt|Ardency Ātappa Sutta|131|1
suttas/AN/AN3_52.txt|Two People (1) Dvejana Sutta|264|2
suttas/AN/AN3_53.txt|Two People (2) Dvejana Sutta|281|2
suttas/AN/AN3_58.txt|To Vaccha (On Giving) Vaccha Sutta|665|4
suttas/AN/AN3_61.txt|To Saṅgārava Saṅgārava Sutta|1916|13
suttas/AN/AN3_62.txt|Sectarians Tittha Sutta|1835|12
suttas/AN/AN3_63.txt|Dangers Bhaya Sutta|744|5
suttas/AN/AN3_64.txt|At Venāga Venāga Sutta|1589|11
suttas/AN/AN3_66.txt|To The Kālāmas Kālāma Sutta|2058|14
suttas/AN/AN3_68.txt|Topics For Discussion Kathāvatthu Sutta|776|5
suttas/AN/AN3_69.txt|Sectarians Titthiya Sutta|540|4
suttas/AN/AN3_70.txt|Roots Mūla Sutta|1238|8
suttas/AN/AN3_71.txt|The Roots Of The Uposatha Mūluposatha Sutta|3276|22
suttas/AN/AN3_72.txt|To Channa The Wanderer Channa Sutta|898|6
suttas/AN/AN3_73.txt|To The Fatalists' Student Ājīvaka Sutta|621|4
suttas/AN/AN3_74.txt|To The Sakyan Sakka Sutta|682|5
suttas/AN/AN3_77.txt|Becoming (1) Bhava Sutta|232|2
suttas/AN/AN3_78.txt|Becoming (2) Bhava Sutta|238|2
suttas/AN/AN3_79.txt|Habit & Practice Sīlabbata Sutta|247|2
suttas/AN/AN3_83.txt|The Donkey Gadrabha Sutta|219|1
suttas/AN/AN3_85.txt|The Vajjian Monk Vajjiputta Sutta|247|2
suttas/AN/AN3_87.txt|One In Training Sekhin Sutta (1)|582|4
suttas/AN/AN3_88.txt|One In Training Sekhin Sutta (2)|629|4
suttas/AN/AN3_90.txt|Trainings (1) Sikkha Sutta|297|2
suttas/AN/AN3_91.txt|Trainings (2) Sikkha Sutta|413|3
suttas/AN/AN3_93.txt|Urgent Accāyika Sutta|273|2
suttas/AN/AN3_95.txt|Autumn Sarada Sutta|129|1
suttas/AN/AN3_96.txt|Assemblies Parisā Sutta|457|3
suttas/AN/AN3_97.txt|The Thoroughbred Ājāniya Sutta|365|2
suttas/AN/AN3_98.txt|The Thoroughbred (2) Ājāniya Sutta|335|2
suttas/AN/AN3_99.txt|The Thoroughbred (3) Ājāniya Sutta|332|2
suttas/AN/AN3_100.txt|Bark-Fiber Cloth Potthaka Sutta|890|6
suttas/AN/AN3_101.txt|The Salt Crystal Loṇaphala Sutta|1485|10
suttas/AN/AN3_102.txt|The Dirt-Washer Paṁsudhovaka Sutta|1210|8
suttas/AN/AN3_103.txt|Themes Nimitta Sutta|1240|8
suttas/AN/AN3_104.txt|Before Pubbe Sutta|252|2
suttas/AN/AN3_105.txt|Allure (1) Assāda Sutta|262|2
suttas/AN/AN3_106.txt|Allure (2) Assāda Sutta|238|2
suttas/AN/AN3_109.txt|No Satiation Atitta Sutta|59|1
suttas/AN/AN3_110.txt|The Peak Of The Roof Kuta Sutta|414|3
suttas/AN/AN3_112.txt|Causes (1) Nidāna Sutta|330|2
suttas/AN/AN3_113.txt|Causes (2) Nidāna Sutta|776|5
suttas/AN/AN3_115.txt|Rare Dullabha Sutta|73|1
suttas/AN/AN3_116.txt|Immeasurable Appameyya Sutta|181|1
suttas/AN/AN3_117.txt|Imperturbable Aneñjaka Sutta|589|4
suttas/AN/AN3_121.txt|Purities (1) Soceyya Sutta|130|1
suttas/AN/AN3_122.txt|Purities (2) Soceyya Sutta|295|2
suttas/AN/AN3_123.txt|Sagacity Moneyya Sutta|162|1
suttas/AN/AN3_124.txt|At Kusinārā Kusinārā Sutta|470|3
suttas/AN/AN3_126.txt|At Gotamaka Shrine Gotamaka-Cetiya Sutta|194|1
suttas/AN/AN3_129.txt|Putrid Kaṭuviya Sutta|314|2
suttas/AN/AN3_131.txt|To Anuruddha Anuruddha Sutta|321|2
suttas/AN/AN3_133.txt|Inscriptions Lekha Sutta|300|2
suttas/AN/AN3_136.txt|A Friend Mitta Sutta|51|1
suttas/AN/AN3_137.txt|The Orderliness Of The Dhamma Dhamma-Niyāma Sutta|253|2
suttas/AN/AN4_1.txt|Understanding Anubuddha Sutta|273|2
suttas/AN/AN4_5.txt|With The Flow Anusota Sutta|435|3
suttas/AN/AN4_10.txt|Yokes Yoga Sutta|913|6
suttas/AN/AN4_19.txt|Off Course Agati Sutta|142|1
suttas/AN/AN4_24.txt|At Kāḷaka's Park Kāḷaka Sutta|378|3
suttas/AN/AN4_28.txt|The Traditions Of The Noble Ones Ariya-Vaṁsa Sutta|601|4
suttas/AN/AN4_31.txt|Wheels Cakka Sutta|132|1
suttas/AN/AN4_32.txt|The Bonds Of Fellowship Saṅgaha Sutta|122|1
suttas/AN/AN4_33.txt|The Lion Sīha Sutta|401|3
suttas/AN/AN4_34.txt|Confidence Pasāda Sutta|329|2
suttas/AN/AN4_35.txt|With Vassakāra Vassakāra Sutta|791|5
suttas/AN/AN4_36.txt|With Doṇa Doṇa Sutta|443|3
suttas/AN/AN4_37.txt|No Falling Away Aparihāni Sutta|628|4
suttas/AN/AN4_38.txt|Detached Paṭilīna Sutta|367|2
suttas/AN/AN4_41.txt|Concentration Samādhi Sutta|619|4
suttas/AN/AN4_42.txt|Questions Pañha Sutta|156|1
suttas/AN/AN4_45.txt|To Rohitassa Rohitassa Sutta|534|4
suttas/AN/AN4_49.txt|Perversions Vipallāsa Sutta|268|2
suttas/AN/AN4_50.txt|Obscurations Upakkilesa Sutta|422|3
suttas/AN/AN4_52.txt|Bonanzas Of Merit Puññābhisanda Sutta|446|3
suttas/AN/AN4_53.txt|Ways Of Living Together Saṁvāsa Sutta|856|6
suttas/AN/AN4_55.txt|Living In Tune Samajivina Sutta|362|2
suttas/AN/AN4_62.txt|Debtlessness Anaṇa Sutta|432|3
suttas/AN/AN4_67.txt|By A Snake Ahinā Sutta|366|2
suttas/AN/AN4_73.txt|A Person Of Integrity Sappurisa Sutta|577|4
suttas/AN/AN4_77.txt|Inconceivable Acintita Sutta|158|1
suttas/AN/AN4_79.txt|Trade Vaṇijja Sutta|457|3
suttas/AN/AN4_85.txt|Darkness Tama Sutta|665|4
suttas/AN/AN4_87.txt|The Son Putta Sutta|741|5
suttas/AN/AN4_88.txt|Fetters Saññojana Sutta|262|2
suttas/AN/AN4_89.txt|View Diṭṭhi Sutta|686|5
suttas/AN/AN4_90.txt|Aggregates Khandha Sutta|724|5
suttas/AN/AN4_94.txt|Concentration (Tranquility & Insight) Samādhi Sutta|587|4
suttas/AN/AN4_95.txt|The Firebrand Chalāvāta Sutta|299|2
suttas/AN/AN4_96.txt|The Subduing Of Passion Rāga-Vinaya Sutta|524|3
suttas/AN/AN4_99.txt|Trainings Sikkhā Sutta|589|4
suttas/AN/AN4_100.txt|To Potaliya Potaliya Sutta|558|4
suttas/AN/AN4_102.txt|Thunderheads Valāhaka Sutta|568|4
suttas/AN/AN4_111.txt|To Kesin The Horsetrainer Kesi Sutta|721|5
suttas/AN/AN4_113.txt|The Goad-Stick Patoda Sutta|919|6
suttas/AN/AN4_115.txt|Courses Of Action Ṭhāna Sutta|538|4
suttas/AN/AN4_116.txt|Heedfulness Appamāda Sutta|114|1
suttas/AN/AN4_117.txt|Guarding Ārakkha Sutta|223|1
suttas/AN/AN4_123.txt|Mental Absorption (1) Jhāna Sutta|726|5
suttas/AN/AN4_124.txt|Mental Absorption (2) Jhāna Sutta|212|1
suttas/AN/AN4_125.txt|Goodwill (1) Mettā Sutta|825|6
suttas/AN/AN4_126.txt|Goodwill (2) Mettā Sutta|287|2
suttas/AN/AN4_128.txt|Astounding Abbhūta Sutta|272|2
suttas/AN/AN4_131.txt|Fetters Saṁyojana Sutta|432|3
suttas/AN/AN4_138.txt|Withdrawn Nikkaṭṭha Sutta|310|2
suttas/AN/AN4_144.txt|Brightness Obhāsa Sutta|55|1
suttas/AN/AN4_156.txt|An Eon Kappa Sutta|165|1
suttas/AN/AN4_157.txt|Illness Roga Sutta|309|2
suttas/AN/AN4_158.txt|Decline Parihāni Sutta|210|1
suttas/AN/AN4_159.txt|The Nun Bhikkhunī Sutta|1004|7
suttas/AN/AN4_160.txt|The One Well-Gone Sugata Sutta|783|5
suttas/AN/AN4_162.txt|(Modes Of Practice) In Detail Vitthāra Sutta|540|4
suttas/AN/AN4_163.txt|Unattractiveness Asubha Sutta|768|5
suttas/AN/AN4_164.txt|Tolerant (1) Khama Sutta|372|2
suttas/AN/AN4_165.txt|Tolerant (2) Khama Sutta|386|3
suttas/AN/AN4_170.txt|In Tandem Yuganaddha Sutta|304|2
suttas/AN/AN4_173.txt|To Koṭṭhita Koṭṭhita Sutta|338|2
suttas/AN/AN4_178.txt|The Waste-Water Pool Jambālī Sutta|648|4
suttas/AN/AN4_179.txt|Unbinding Nibbāna Sutta|214|1
suttas/AN/AN4_181.txt|The Professional Warrior Yodhājīva Sutta|529|4
suttas/AN/AN4_182.txt|Guarantor Pāṭibhoga Sutta|221|1
suttas/AN/AN4_183.txt|On What Is Heard Suta Sutta|370|2
suttas/AN/AN4_184.txt|Fearless Abhaya Sutta|1140|8
suttas/AN/AN4_191.txt|Followed By Ear Sotānugata Sutta|1105|7
suttas/AN/AN4_192.txt|Traits Ṭhāna Sutta|1467|10
suttas/AN/AN4_194.txt|At Sāpuga Sāpuga Sutta|821|5
suttas/AN/AN4_195.txt|To Vappa Vappa Sutta|1358|9
suttas/AN/AN4_199.txt|Craving Taṇhā Sutta|527|4
suttas/AN/AN4_200.txt|Love Pema Sutta|1745|12
suttas/AN/AN4_201.txt|Training Rules Sikkhāpada Sutta|438|3
suttas/AN/AN4_233.txt|In Detail Vitthāra Sutta|451|3
suttas/AN/AN4_235.txt|Training Rules Sikkhāpada Sutta|429|3
suttas/AN/AN4_237.txt|The Noble Path Ariyamagga Sutta|422|3
suttas/AN/AN4_238.txt|Factors For Awakening Bojjhaṅga Sutta|450|3
suttas/AN/AN4_245.txt|Training Sikkhā Sutta|558|4
suttas/AN/AN4_252.txt|Searches Pariyesanā Sutta|196|1
suttas/AN/AN4_255.txt|On Families Kula Sutta|182|1
suttas/AN/AN4_263.txt|A Wilderness Dweller Araññaka Sutta|138|1
suttas/AN/AN5_2.txt|(Strengths) In Detail Vitthata Sutta|396|3
suttas/AN/AN5_7.txt|By Sensuality Kāmesu Sutta|355|2
suttas/AN/AN5_20.txt|Benefit Hita Sutta|129|1
suttas/AN/AN5_23.txt|Defilements Upakkilesa Sutta|979|7
suttas/AN/AN5_25.txt|Supported Anugghita Sutta|85|1
suttas/AN/AN5_26.txt|Release Vimutti Sutta|914|6
suttas/AN/AN5_27.txt|(Immeasurable) Concentration Samādhi Sutta|174|1
suttas/AN/AN5_28.txt|The Factors Of Concentration Samādhaṅga Sutta|1876|13
suttas/AN/AN5_29.txt|Walking Caṅkama Sutta|70|1
suttas/AN/AN5_30.txt|To Nāgita Nāgita Sutta|655|4
suttas/AN/AN5_31.txt|To Princess Sumanā Sumanā Sutta|671|4
suttas/AN/AN5_34.txt|To General Sīha (On Giving) Sīha Sutta|696|5
suttas/AN/AN5_36.txt|Seasonable Gifts Kāladāna Sutta|142|1
suttas/AN/AN5_37.txt|A Meal Bhojana Sutta|155|1
suttas/AN/AN5_38.txt|Conviction Saddha Sutta|268|2
suttas/AN/AN5_41.txt|Benefits To Be Obtained (From Wealth) Ādiya Sutta|617|4
suttas/AN/AN5_43.txt|What Is Welcome Iṭṭha Sutta|483|3
suttas/AN/AN5_49.txt|The Kosalan Kosala Sutta|1176|8
suttas/AN/AN5_51.txt|Obstacles Āvaraṇa Sutta|494|3
suttas/AN/AN5_53.txt|Factors (For Exertion) Aṅga Sutta|177|1
suttas/AN/AN5_56.txt|The Preceptor Upajjhāya Sutta|577|4
suttas/AN/AN5_57.txt|Subjects For Contemplation Upajjhaṭṭhana Sutta|948|6
suttas/AN/AN5_59.txt|Hard To Find (1) Dullabha Sutta|77|1
suttas/AN/AN5_60.txt|Hard To Find (2) Dullabha Sutta|81|1
suttas/AN/AN5_73.txt|Dwelling In The Dhamma (1) Dhammavihārin Sutta|444|3
suttas/AN/AN5_74.txt|Dwelling In The Dhamma (2) Dhammavihārin Sutta|459|3
suttas/AN/AN5_75.txt|The Professional Warrior (1) Yodhājīva Sutta|1818|12
suttas/AN/AN5_76.txt|The Professional Warrior (2) Yodhājīva Sutta|2569|17
suttas/AN/AN5_77.txt|Future Dangers (1) Anāgata-Bhayāni Sutta|710|5
suttas/AN/AN5_78.txt|Future Dangers (2) Anāgata-Bhayāni Sutta|885|6
suttas/AN/AN5_79.txt|Future Dangers (3) Anāgata-Bhayāni Sutta|755|5
suttas/AN/AN5_80.txt|Future Dangers (4) Anāgata-Bhayāni Sutta|527|4
suttas/AN/AN5_96.txt|One Who Retains What He Has Heard Sutadhara Sutta|184|1
suttas/AN/AN5_97.txt|Talk Kathā Sutta|151|1
suttas/AN/AN5_98.txt|Wilderness Ārañña Sutta|120|1
suttas/AN/AN5_99.txt|The Lion Sīha Sutta|231|2
suttas/AN/AN5_106.txt|Comfortably Phāsu Sutta|541|4
suttas/AN/AN5_109.txt|[A Monk] Of The Four Directions Catuddisa Sutta|217|1
suttas/AN/AN5_110.txt|Wilderness Arañña Sutta|233|2
suttas/AN/AN5_114.txt|At Andhakavinda Andhakavinda Sutta|257|2
suttas/AN/AN5_121.txt|To A Sick Man Gilāna Sutta|232|2
suttas/AN/AN5_129.txt|In Agony Parikuppa Sutta|92|1
suttas/AN/AN5_130.txt|Being Consummate Sampadā Sutta|238|2
suttas/AN/AN5_137.txt|One Sleeps Little Appaṁ Sutta|108|1
suttas/AN/AN5_139.txt|Not Resilient Akkhama Sutta|1481|10
suttas/AN/AN5_140.txt|The Listener Sotar Sutta|840|6
suttas/AN/AN5_148.txt|A Person Of Integrity's Gifts Sappurisadāna Sutta|266|2
suttas/AN/AN5_151.txt|Assuredness In The True Dhamma (1) Saddhamma-Niyāma Sutta|192|1
suttas/AN/AN5_152.txt|Assuredness In The True Dhamma (2) Saddhamma-Niyāma Sutta|184|1
suttas/AN/AN5_159.txt|About Udāyin (On Teaching The Dhamma) Udāyin Sutta|246|2
suttas/AN/AN5_161.txt|The Subduing Of Hatred (1) Āghatāvinaya Sutta|236|2
suttas/AN/AN5_162.txt|The Subduing Of Hatred (2) Āghātavinaya Sutta|1136|8
suttas/AN/AN5_165.txt|On Asking Questions Pañhapucchā Sutta|158|1
suttas/AN/AN5_166.txt|Cessation Nirodha Sutta|1286|9
suttas/AN/AN5_167.txt|Accusing Codanā Sutta|1378|9
suttas/AN/AN5_170.txt|To Bhaddaji Bhaddaji Sutta|331|2
suttas/AN/AN5_175.txt|The Outcaste Caṇḍāla Sutta|207|1
suttas/AN/AN5_176.txt|Rapture Pīti Sutta|445|3
suttas/AN/AN5_177.txt|Business (Wrong Livelihood) Vaṇijjā Sutta|53|1
suttas/AN/AN5_179.txt|The Householder Gihi Sutta|943|6
suttas/AN/AN5_180.txt|About Gavesin Gavesin Sutta|1339|9
suttas/AN/AN5_191.txt|The Dog Discourse Soṇa Sutta|378|3
suttas/AN/AN5_196.txt|Dreams Supina Sutta|640|4
suttas/AN/AN5_198.txt|A Statement Vācā Sutta|75|1
suttas/AN/AN5_199.txt|A Family Kula Sutta|259|2
suttas/AN/AN5_200.txt|Leading To Escape Nissāraṇīya Sutta|634|4
suttas/AN/AN5_202.txt|Listening To The Dhamma Dhammassavana Sutta|60|1
suttas/AN/AN5_210.txt|Muddled Mindfulness Muṭṭhassati Sutta|109|1
suttas/AN/AN5_254.txt|Stinginess Macchariya Suttas|693|5
suttas/AN/AN6_12.txt|Conducive To Amiability Sārāṇīya Sutta|510|3
suttas/AN/AN6_13.txt|Means Of Escape Nissāraṇīya Sutta|759|5
suttas/AN/AN6_16.txt|Nakula's Parents Nakula Sutta|939|6
suttas/AN/AN6_17.txt|Skillful Kusala Sutta|779|5
suttas/AN/AN6_19.txt|Mindfulness Of Death (1) Maraṇassati Sutta|621|4
suttas/AN/AN6_20.txt|Mindfulness Of Death (2) Maraṇassati Sutta|718|5
suttas/AN/AN6_29.txt|With Udāyin Udāyin Sutta|893|6
suttas/AN/AN6_31.txt|Decline Parihāna Sutta|105|1
suttas/AN/AN6_37.txt|Giving Dāna Sutta|548|4
suttas/AN/AN6_38.txt|The Self-Doer Attakārin Sutta|560|4
suttas/AN/AN6_41.txt|The Wood Pile Dārukkhandha Sutta|202|1
suttas/AN/AN6_42.txt|To Nāgita Nāgita Sutta|870|6
suttas/AN/AN6_43.txt|On The Nāga Nāga Sutta|794|5
suttas/AN/AN6_45.txt|Debt Iṇa Sutta|978|7
suttas/AN/AN6_46.txt|Cunda Cunda Sutta|479|3
suttas/AN/AN6_47.txt|Visible Here & Now Sandiṭṭhika Sutta|452|3
suttas/AN/AN6_49.txt|With Khema Khema Sutta|374|2
suttas/AN/AN6_51.txt|Venerable Ānanda Ānanda Sutta|553|4
suttas/AN/AN6_55.txt|About Soṇa Soṇa Sutta|1371|9
suttas/AN/AN6_60.txt|On Citta Citta Sutta|1933|13
suttas/AN/AN6_61.txt|The Further Shore Parāyana Sutta|844|6
suttas/AN/AN6_63.txt|Penetrative Nibbedhika Sutta|2645|18
suttas/AN/AN6_70.txt|Concentration Samādhi Sutta|713|5
suttas/AN/AN6_71.txt|Capable Of Realizing Sakkhibhabba Sutta|274|2
suttas/AN/AN6_73.txt|Jhāna (1) Jhāna Sutta|69|1
suttas/AN/AN6_74.txt|Jhāna (2) Jhāna Sutta|61|1
suttas/AN/AN6_78.txt|Pleasure Sukha Sutta|116|1
suttas/AN/AN6_83.txt|The Foremost State Aggadhamma Sutta|129|1
suttas/AN/AN6_85.txt|Cooled Sīti Sutta|188|1
suttas/AN/AN6_86.txt|Obstructions Āvaraṇatā Sutta|167|1
suttas/AN/AN6_87.txt|Kamma Obstructions Kammāvaraṇatā Sutta|214|1
suttas/AN/AN6_88.txt|Listening Well Sussūsa Sutta|212|1
suttas/AN/AN6_91.txt|Incapable Abhabba Sutta|68|1
suttas/AN/AN6_92.txt|Cases Ṭhāna Sutta|126|1
suttas/AN/AN6_97.txt|Rewards Ānisaṁsa Sutta|72|1
suttas/AN/AN6_102.txt|Without Exception (1) Anodhi Sutta|101|1
suttas/AN/AN6_103.txt|Without Exception (2) Anodhi Sutta|114|1
suttas/AN/AN6_104.txt|Without Exception (3) Anodhi Sutta|91|1
suttas/AN/AN7_6.txt|Treasure Dhana Sutta|541|4
suttas/AN/AN7_7.txt|To Ugga Ugga Sutta|243|2
suttas/AN/AN7_11.txt|Obsessions (1) Anusaya Sutta|51|1
suttas/AN/AN7_12.txt|Obsessions (2) Anusaya Sutta|179|1
suttas/AN/AN7_15.txt|The Water Simile Udakupama Sutta|786|5
suttas/AN/AN7_21.txt|Conditions For No Decline Among The Monks Bhikkhu-Aparihāniya Sutta|346|2
suttas/AN/AN7_31.txt|Heedfulness Appamāda Sutta|308|2
suttas/AN/AN7_32.txt|A Sense Of Shame Hirimā Sutta|163|1
suttas/AN/AN7_33.txt|Compliance (1) Sovacassatā Sutta|158|1
suttas/AN/AN7_34.txt|Compliance (2) Sovacassatā Sutta|346|2
suttas/AN/AN7_35.txt|A Friend Mitta Sutta|143|1
suttas/AN/AN7_46.txt|Perceptions Saññā Sutta|2405|16
suttas/AN/AN7_47.txt|Copulation Methuna Sutta|709|5
suttas/AN/AN7_48.txt|Bondage Saññoga Sutta|484|3
suttas/AN/AN7_49.txt|Giving Dāna Sutta|1290|9
suttas/AN/AN7_50.txt|About Nandamātar Nandamātar Sutta|1063|7
suttas/AN/AN7_51.txt|Undeclared Abyākata Sutta|598|4
suttas/AN/AN7_54.txt|To Sīha Sīha Sutta|701|5
suttas/AN/AN7_56.txt|To Kimila Kimila Sutta|260|2
suttas/AN/AN7_58.txt|Nodding Capala Sutta|982|7
suttas/AN/AN7_60.txt|An Angry Person Kodhana Sutta|1103|7
suttas/AN/AN7_63.txt|The Fortress Nagara Sutta|1922|13
suttas/AN/AN7_64.txt|One With A Sense Of Dhamma Dhammaññū Sutta|1485|10
suttas/AN/AN7_69.txt|Fire Aggi Sutta|2509|17
suttas/AN/AN7_70.txt|Araka's Instructions Arakenānusāsani Sutta|1037|7
suttas/AN/AN7_80.txt|The Teacher's Instruction Satthusāsana Sutta|170|1
suttas/AN/AN8_2.txt|Discernment Paññā Sutta|1140|8
suttas/AN/AN8_6.txt|The Failings Of The World Lokavipatti Sutta|665|4
suttas/AN/AN8_7.txt|About Devadatta Devadatta Sutta|414|3
suttas/AN/AN8_8.txt|About Uttara Uttara Sutta|1091|7
suttas/AN/AN8_9.txt|About Nanda Nanda Sutta|550|4
suttas/AN/AN8_13.txt|The Thoroughbred Ājāññā Sutta|516|3
suttas/AN/AN8_14.txt|Unruly Khaḷuṅka Sutta|1057|7
suttas/AN/AN8_19.txt|Pahārāda Pahārāda Sutta|1761|12
suttas/AN/AN8_22.txt|About Ugga Ugga Sutta|1099|7
suttas/AN/AN8_23.txt|About Hatthaka (1) Hatthaka Sutta|364|2
suttas/AN/AN8_24.txt|About Hatthaka (2) Hatthaka Sutta|432|3
suttas/AN/AN8_26.txt|To Jīvaka (On Being A Lay Follower) Jīvaka Sutta|549|4
suttas/AN/AN8_28.txt|Strengths Bala Sutta|584|4
suttas/AN/AN8_30.txt|To Anuruddha Anuruddha Sutta|2235|15
suttas/AN/AN8_39.txt|Bonanzas Abhisanda Sutta|685|5
suttas/AN/AN8_40.txt|Results Vipāka Sutta|430|3
suttas/AN/AN8_51.txt|To Gotamī Gotamī Sutta|1489|10
suttas/AN/AN8_53.txt|In Brief Saṅkhitta Sutta|258|2
suttas/AN/AN8_54.txt|To Dīghajāṇu Dīghajāṇu Sutta|1249|8
suttas/AN/AN8_61.txt|Desire Icchā Sutta|767|5
suttas/AN/AN8_70.txt|In Brief (Sublime Attitudes, Mindfulness, & Concentration) Saṅkhitta Sutta|798|5
suttas/AN/AN8_71.txt|At Gayā Gayā Sutta|926|6
suttas/AN/AN8_95.txt|The Grounds For Laziness & The Arousal Of Energy Kusīta-Ārabbhavatthu Sutta|1530|10
suttas/AN/AN8_103.txt|Honor Yasa Sutta|1136|8
suttas/AN/AN9_1.txt|Self-Awakening Sambodhi Sutta|670|4
suttas/AN/AN9_7.txt|To Sutavant Sutavā Sutta|538|4
suttas/AN/AN9_8.txt|To Sajjha Sajjha Sutta|526|4
suttas/AN/AN9_13.txt|With Koṭṭhita Koṭṭhita Sutta|1069|7
suttas/AN/AN9_14.txt|About Samiddhi Samiddhi Sutta|377|3
suttas/AN/AN9_15.txt|A Boil Gaṇḍa Sutta|153|1
suttas/AN/AN9_16.txt|Perceptions Saññā Sutta|115|1
suttas/AN/AN9_20.txt|About Velāma Velāma Sutta|1115|7
suttas/AN/AN9_24.txt|Beings Sattā Sutta|294|2
suttas/AN/AN9_25.txt|Discernment Paññā Sutta|226|2
suttas/AN/AN9_31.txt|Step-By-Step Cessation Anupubbanirodha Sutta|170|1
suttas/AN/AN9_32.txt|Dwellings (1) Vihāra Sutta|65|1
suttas/AN/AN9_33.txt|Dwellings (2) Vihāra Sutta|1636|11
suttas/AN/AN9_34.txt|Unbinding Nibbāna Sutta|762|5
suttas/AN/AN9_35.txt|The Cow Gāvī Sutta|1941|13
suttas/AN/AN9_36.txt|Mental Absorption Jhāna Sutta|885|6
suttas/AN/AN9_37.txt|With Ānanda Ānanda Sutta|522|3
suttas/AN/AN9_38.txt|To Two Brahmans Brāhmaṇa Sutta|645|4
suttas/AN/AN9_39.txt|The Devas (About Jhāna) Deva Sutta|666|4
suttas/AN/AN9_40.txt|The Tusker Nāga Sutta|914|6
suttas/AN/AN9_41.txt|To Tapussa (On Renunciation) Tapussa Sutta|2706|18
suttas/AN/AN9_42.txt|Pañcāla's Verse Pañcāla Sutta|983|7
suttas/AN/AN9_43.txt|Bodily Witness Kāyasakkhī Sutta|253|2
suttas/AN/AN9_44.txt|Released Through Discernment Paññāvimutti Sutta|231|2
suttas/AN/AN9_45.txt|(Released) Both Ways Ubhatobhāga Sutta|272|2
suttas/AN/AN9_62.txt|Capable Bhabba Sutta|77|1
suttas/AN/AN9_63.txt|Things That Weaken The Training Sikkhā-Dubbalya Sutta|130|1
suttas/AN/AN9_64.txt|Hindrances Nīvaraṇa Sutta|117|1
suttas/AN/AN10_6.txt|Concentration Samādhi Sutta|278|2
suttas/AN/AN10_7.txt|With Sāriputta Sāriputta Sutta|294|2
suttas/AN/AN10_13.txt|Fetters Saṁyojana Sutta|77|1
suttas/AN/AN10_15.txt|Heedfulness Appamāda Sutta|482|3
suttas/AN/AN10_17.txt|Protectors (1) Nātha Sutta|620|4
suttas/AN/AN10_18.txt|Protectors (2) Nātha Sutta|1304|9
suttas/AN/AN10_20.txt|Dwellings Of The Noble Ones Ariyāvāsa Sutta|833|6
suttas/AN/AN10_24.txt|Cunda Cunda Sutta|1014|7
suttas/AN/AN10_29.txt|The Kosalan Kosala Sutta|1788|12
suttas/AN/AN10_46.txt|To The Sakyans (On The Uposatha) Sakka Sutta|591|4
suttas/AN/AN10_48.txt|Ten Things Dasa Dhamma Sutta|212|1
suttas/AN/AN10_51.txt|One's Own Mind Sacitta Sutta|411|3
suttas/AN/AN10_54.txt|Tranquility Samatha Sutta|831|6
suttas/AN/AN10_58.txt|Rooted Mūla Sutta|330|2
suttas/AN/AN10_59.txt|Gone Forth Pabbajita Sutta|339|2
suttas/AN/AN10_60.txt|To Girimānanda Girimānanda Sutta|1369|9
suttas/AN/AN10_61.txt|Ignorance Avijjā Sutta|866|6
suttas/AN/AN10_69.txt|Topics Of Conversation Kathāvatthu Sutta|386|3
suttas/AN/AN10_70.txt|Topics Of Conversation (2) Kathāvatthu Sutta|547|4
suttas/AN/AN10_71.txt|Wishes Ākaṅkha Sutta|777|5
suttas/AN/AN10_72.txt|Thorns Kaṇṭhaka Sutta|460|3
suttas/AN/AN10_73.txt|Wished For Iṭṭhā Sutta|413|3
suttas/AN/AN10_75.txt|About Migāsālā Migāsālāya Sutta|1702|11
suttas/AN/AN10_76.txt|Incapable Abhabba Sutta|1090|7
suttas/AN/AN10_80.txt|Hatred Āghāta Sutta|218|1
suttas/AN/AN10_81.txt|To Vāhuna Vāhuna Sutta|208|1
suttas/AN/AN10_92.txt|Animosity Vera Sutta|1025|7
suttas/AN/AN10_93.txt|Views Diṭṭhi Sutta|1002|7
suttas/AN/AN10_94.txt|About Vajjiya Vajjiya Sutta|927|6
suttas/AN/AN10_95.txt|To Uttiya Uttiya Sutta|847|6
suttas/AN/AN10_96.txt|To Kokanuda (On Viewpoints) Kokanuda Sutta|803|5
suttas/AN/AN10_99.txt|To Upāli Upāli Sutta|2478|17
suttas/AN/AN10_101.txt|Contemplative Perceptions Samaṇasaññā Sutta|115|1
suttas/AN/AN10_103.txt|Wrongness Micchatta Sutta|210|1
suttas/AN/AN10_104.txt|The Seed Bīja Sutta|377|3
suttas/AN/AN10_108.txt|A Purgative Tikicchā Sutta|430|3
suttas/AN/AN10_118.txt|The Near Shore Orima Sutta|281|2
suttas/AN/AN10_165.txt|To Cunda The Silversmith Cunda Kammāraputta Sutta|2094|14
suttas/AN/AN10_166.txt|To Jāṇussoṇin (On Offerings To The Dead) Jāṇussoṇin Sutta|1422|9
suttas/AN/AN10_196.txt|The Sublime Attitudes Brahmavihāra Sutta|635|4
suttas/AN/AN11_1.txt|What Is The Purpose? Kimattha Sutta|491|3
suttas/AN/AN11_2.txt|An Act Of Will Cetanā Sutta|580|4
suttas/AN/AN11_10.txt|To Sandha Sandha Sutta|1069|7
suttas/AN/AN11_12.txt|To Mahānāma (1) Mahānāma Sutta|1620|11
suttas/AN/AN11_13.txt|To Mahānāma (2) Mahānāma Sutta|1603|11
suttas/AN/AN11_16.txt|Goodwill Mettā Sutta|118|1